--
-- PostgreSQL database dump
--

\restrict eTyICo2Z3jKG2PKWGUGaWvLRUk79MFeVawag16Oq7dLRXQwxkFBEZJN0NFLigCP

-- Dumped from database version 18.3 (Homebrew)
-- Dumped by pg_dump version 18.2

-- Started on 2026-04-29 17:56:05 CEST

SET statement_timeout = 0;
SET lock_timeout = 0;
SET idle_in_transaction_session_timeout = 0;
SET transaction_timeout = 0;
SET client_encoding = 'UTF8';
SET standard_conforming_strings = on;
SELECT pg_catalog.set_config('search_path', '', false);
SET check_function_bodies = false;
SET xmloption = content;
SET client_min_messages = warning;
SET row_security = off;

--
-- TOC entry 4169 (class 1262 OID 17937)
-- Name: EcoForumV3; Type: DATABASE; Schema: -; Owner: eleaweber
--

CREATE DATABASE "EcoForumV3" WITH TEMPLATE = template0 ENCODING = 'UTF8' LOCALE_PROVIDER = libc LOCALE = 'en_US.UTF-8';


ALTER DATABASE "EcoForumV3" OWNER TO eleaweber;

\unrestrict eTyICo2Z3jKG2PKWGUGaWvLRUk79MFeVawag16Oq7dLRXQwxkFBEZJN0NFLigCP
\connect "EcoForumV3"
\restrict eTyICo2Z3jKG2PKWGUGaWvLRUk79MFeVawag16Oq7dLRXQwxkFBEZJN0NFLigCP

SET statement_timeout = 0;
SET lock_timeout = 0;
SET idle_in_transaction_session_timeout = 0;
SET transaction_timeout = 0;
SET client_encoding = 'UTF8';
SET standard_conforming_strings = on;
SELECT pg_catalog.set_config('search_path', '', false);
SET check_function_bodies = false;
SET xmloption = content;
SET client_min_messages = warning;
SET row_security = off;

--
-- TOC entry 268 (class 1255 OID 18438)
-- Name: maj_attributs_st(); Type: FUNCTION; Schema: public; Owner: eleaweber
--

CREATE FUNCTION public.maj_attributs_st() RETURNS trigger
    LANGUAGE plpgsql
    AS $$
BEGIN
    -- Mise à jour des attribus nb_mesures, max_mesure, min_mesure et moyenne_mesure de la série temporelle
    UPDATE serie_temporelle
    SET 
        nb_mesures = nb_mesures + 1,
        max_mesure = GREATEST(
            COALESCE(max_mesure, NEW.valeur_mesure::DOUBLE PRECISION),
            NEW.valeur_mesure::DOUBLE PRECISION
        ),
        min_mesure = LEAST(
            COALESCE(min_mesure, NEW.valeur_mesure::DOUBLE PRECISION),
            NEW.valeur_mesure::DOUBLE PRECISION
        ),
        moyenne_mesure = (
            (COALESCE(moyenne_mesure, 0) * COALESCE(nb_mesures, 0) + NEW.valeur_mesure::DOUBLE PRECISION)
            / (COALESCE(nb_mesures, 0) + 1)
        )
    WHERE id_st = NEW.id_st; --id_st est l'id de la ST de la table serie_temporelle et NEW.id_st est
    -- l'id de la serie temporelle de la table mesure

    RETURN NEW;
END;
$$;


ALTER FUNCTION public.maj_attributs_st() OWNER TO eleaweber;

--
-- TOC entry 267 (class 1255 OID 18437)
-- Name: verification_heritage_disjoint_capteur_generique(); Type: FUNCTION; Schema: public; Owner: eleaweber
--

CREATE FUNCTION public.verification_heritage_disjoint_capteur_generique() RETURNS trigger
    LANGUAGE plpgsql
    AS $$
DECLARE
    v_id INT;
BEGIN
    -- Récupère l'id inséré peu importe la table source
    IF TG_TABLE_NAME = 'recolteur' THEN
        v_id := NEW.id_capteur_generique;
        IF EXISTS (SELECT 1 FROM capteur WHERE id_capteur = v_id) THEN
            RAISE EXCEPTION 'L''id capteur générique % est déjà enregistré comme capteur.', v_id;
        END IF;
    ELSIF TG_TABLE_NAME = 'capteur' THEN
        v_id := NEW.id_capteur;
        IF EXISTS (SELECT 1 FROM recolteur WHERE id_capteur_generique = v_id) THEN
            RAISE EXCEPTION 'L''id capteur générique % est déjà enregistré comme récolteur.', v_id;
        END IF;
    END IF;
    RETURN NEW;
END;
$$;


ALTER FUNCTION public.verification_heritage_disjoint_capteur_generique() OWNER TO eleaweber;

SET default_tablespace = '';

SET default_table_access_method = heap;

--
-- TOC entry 232 (class 1259 OID 18036)
-- Name: biodiversite; Type: TABLE; Schema: public; Owner: eleaweber
--

CREATE TABLE public.biodiversite (
    id_biodiversite integer NOT NULL,
    description_bio text,
    famille character varying(255)
);


ALTER TABLE public.biodiversite OWNER TO eleaweber;

--
-- TOC entry 231 (class 1259 OID 18035)
-- Name: biodiversite_id_biodiversite_seq; Type: SEQUENCE; Schema: public; Owner: eleaweber
--

ALTER TABLE public.biodiversite ALTER COLUMN id_biodiversite ADD GENERATED BY DEFAULT AS IDENTITY (
    SEQUENCE NAME public.biodiversite_id_biodiversite_seq
    START WITH 1
    INCREMENT BY 1
    NO MINVALUE
    NO MAXVALUE
    CACHE 1
);


--
-- TOC entry 237 (class 1259 OID 18065)
-- Name: biodiversite_localisee; Type: TABLE; Schema: public; Owner: eleaweber
--

CREATE TABLE public.biodiversite_localisee (
    id_loc integer NOT NULL,
    id_bio integer NOT NULL
);


ALTER TABLE public.biodiversite_localisee OWNER TO eleaweber;

--
-- TOC entry 251 (class 1259 OID 18225)
-- Name: capteur; Type: TABLE; Schema: public; Owner: eleaweber
--

CREATE TABLE public.capteur (
    id_capteur integer NOT NULL,
    date_activation date,
    id_instrument integer NOT NULL
);


ALTER TABLE public.capteur OWNER TO eleaweber;

--
-- TOC entry 222 (class 1259 OID 17957)
-- Name: capteur_generique; Type: TABLE; Schema: public; Owner: eleaweber
--

CREATE TABLE public.capteur_generique (
    id_capteur_generique integer NOT NULL,
    description text NOT NULL
);


ALTER TABLE public.capteur_generique OWNER TO eleaweber;

--
-- TOC entry 221 (class 1259 OID 17956)
-- Name: capteur_generique_id_capteur_generique_seq; Type: SEQUENCE; Schema: public; Owner: eleaweber
--

ALTER TABLE public.capteur_generique ALTER COLUMN id_capteur_generique ADD GENERATED BY DEFAULT AS IDENTITY (
    SEQUENCE NAME public.capteur_generique_id_capteur_generique_seq
    START WITH 1
    INCREMENT BY 1
    NO MINVALUE
    NO MAXVALUE
    CACHE 1
);


--
-- TOC entry 255 (class 1259 OID 18278)
-- Name: capteur_localise; Type: TABLE; Schema: public; Owner: eleaweber
--

CREATE TABLE public.capteur_localise (
    id_capteur_gen integer NOT NULL,
    id_loc integer NOT NULL,
    date_debut date NOT NULL,
    date_fin date,
    CONSTRAINT ck_capteur_localise_dates CHECK ((date_debut <= date_fin))
);


ALTER TABLE public.capteur_localise OWNER TO eleaweber;

--
-- TOC entry 239 (class 1259 OID 18083)
-- Name: categorie_variable; Type: TABLE; Schema: public; Owner: eleaweber
--

CREATE TABLE public.categorie_variable (
    id_categorie integer NOT NULL,
    nom character varying(255),
    id_parent integer,
    CONSTRAINT ck_categorie_differente CHECK ((id_categorie <> id_parent))
);


ALTER TABLE public.categorie_variable OWNER TO eleaweber;

--
-- TOC entry 238 (class 1259 OID 18082)
-- Name: categorie_variable_id_categorie_seq; Type: SEQUENCE; Schema: public; Owner: eleaweber
--

ALTER TABLE public.categorie_variable ALTER COLUMN id_categorie ADD GENERATED BY DEFAULT AS IDENTITY (
    SEQUENCE NAME public.categorie_variable_id_categorie_seq
    START WITH 1
    INCREMENT BY 1
    NO MINVALUE
    NO MAXVALUE
    CACHE 1
);


--
-- TOC entry 263 (class 1259 OID 18370)
-- Name: coefficient_correcteur; Type: TABLE; Schema: public; Owner: eleaweber
--

CREATE TABLE public.coefficient_correcteur (
    id_coeff_correcteur integer NOT NULL,
    valeur double precision,
    date_calibration timestamp without time zone,
    id_capteur integer NOT NULL,
    unite character varying(255)
);


ALTER TABLE public.coefficient_correcteur OWNER TO eleaweber;

--
-- TOC entry 262 (class 1259 OID 18369)
-- Name: coefficient_correcteur_id_coeff_correcteur_seq; Type: SEQUENCE; Schema: public; Owner: eleaweber
--

ALTER TABLE public.coefficient_correcteur ALTER COLUMN id_coeff_correcteur ADD GENERATED BY DEFAULT AS IDENTITY (
    SEQUENCE NAME public.coefficient_correcteur_id_coeff_correcteur_seq
    START WITH 1
    INCREMENT BY 1
    NO MINVALUE
    NO MAXVALUE
    CACHE 1
);


--
-- TOC entry 247 (class 1259 OID 18152)
-- Name: collecte_instrument; Type: TABLE; Schema: public; Owner: eleaweber
--

CREATE TABLE public.collecte_instrument (
    id_collecteur integer NOT NULL,
    id_instrument integer NOT NULL
);


ALTER TABLE public.collecte_instrument OWNER TO eleaweber;

--
-- TOC entry 223 (class 1259 OID 17968)
-- Name: collecteur; Type: TABLE; Schema: public; Owner: eleaweber
--

CREATE TABLE public.collecteur (
    id_collecteur integer NOT NULL
);


ALTER TABLE public.collecteur OWNER TO eleaweber;

--
-- TOC entry 264 (class 1259 OID 18384)
-- Name: correction_mesure; Type: TABLE; Schema: public; Owner: eleaweber
--

CREATE TABLE public.correction_mesure (
    id_coeff integer NOT NULL,
    id_mesure integer NOT NULL
);


ALTER TABLE public.correction_mesure OWNER TO eleaweber;

--
-- TOC entry 249 (class 1259 OID 18189)
-- Name: est_referent_de; Type: TABLE; Schema: public; Owner: eleaweber
--

CREATE TABLE public.est_referent_de (
    id_referent integer NOT NULL,
    id_instrument integer NOT NULL,
    date_debut date NOT NULL,
    date_fin date,
    CONSTRAINT ck_est_referent_de_dates CHECK ((date_debut <= date_fin))
);


ALTER TABLE public.est_referent_de OWNER TO eleaweber;

--
-- TOC entry 228 (class 1259 OID 18019)
-- Name: groupe_recolte; Type: TABLE; Schema: public; Owner: eleaweber
--

CREATE TABLE public.groupe_recolte (
    id_groupe integer NOT NULL
);


ALTER TABLE public.groupe_recolte OWNER TO eleaweber;

--
-- TOC entry 227 (class 1259 OID 18018)
-- Name: groupe_recolte_id_groupe_seq; Type: SEQUENCE; Schema: public; Owner: eleaweber
--

ALTER TABLE public.groupe_recolte ALTER COLUMN id_groupe ADD GENERATED BY DEFAULT AS IDENTITY (
    SEQUENCE NAME public.groupe_recolte_id_groupe_seq
    START WITH 1
    INCREMENT BY 1
    NO MINVALUE
    NO MAXVALUE
    CACHE 1
);


--
-- TOC entry 246 (class 1259 OID 18135)
-- Name: instrument_mesure; Type: TABLE; Schema: public; Owner: eleaweber
--

CREATE TABLE public.instrument_mesure (
    id_instrument integer NOT NULL,
    num_instrument character varying(255) NOT NULL,
    modele character varying(255),
    num_serie character varying(255),
    nom_outil character varying(255),
    pas_temps real,
    fuseau_horaire integer,
    description_instrument text,
    id_structure integer NOT NULL
);


ALTER TABLE public.instrument_mesure OWNER TO eleaweber;

--
-- TOC entry 245 (class 1259 OID 18134)
-- Name: instrument_mesure_id_instrument_seq; Type: SEQUENCE; Schema: public; Owner: eleaweber
--

ALTER TABLE public.instrument_mesure ALTER COLUMN id_instrument ADD GENERATED BY DEFAULT AS IDENTITY (
    SEQUENCE NAME public.instrument_mesure_id_instrument_seq
    START WITH 1
    INCREMENT BY 1
    NO MINVALUE
    NO MAXVALUE
    CACHE 1
);


--
-- TOC entry 250 (class 1259 OID 18208)
-- Name: instrument_projet; Type: TABLE; Schema: public; Owner: eleaweber
--

CREATE TABLE public.instrument_projet (
    id_projet integer NOT NULL,
    id_instrument integer NOT NULL
);


ALTER TABLE public.instrument_projet OWNER TO eleaweber;

--
-- TOC entry 236 (class 1259 OID 18054)
-- Name: localisation; Type: TABLE; Schema: public; Owner: eleaweber
--

CREATE TABLE public.localisation (
    id_localisation integer NOT NULL,
    altitude double precision,
    longitude double precision,
    latitude double precision,
    pente double precision,
    hauteur double precision,
    orientation double precision,
    id_milieu integer
);


ALTER TABLE public.localisation OWNER TO eleaweber;

--
-- TOC entry 235 (class 1259 OID 18053)
-- Name: localisation_id_localisation_seq; Type: SEQUENCE; Schema: public; Owner: eleaweber
--

ALTER TABLE public.localisation ALTER COLUMN id_localisation ADD GENERATED BY DEFAULT AS IDENTITY (
    SEQUENCE NAME public.localisation_id_localisation_seq
    START WITH 1
    INCREMENT BY 1
    NO MINVALUE
    NO MAXVALUE
    CACHE 1
);


--
-- TOC entry 253 (class 1259 OID 18243)
-- Name: maintenance_capteur; Type: TABLE; Schema: public; Owner: eleaweber
--

CREATE TABLE public.maintenance_capteur (
    id_probleme integer NOT NULL,
    date_debut timestamp without time zone,
    date_fin timestamp without time zone,
    description text,
    id_capteur integer NOT NULL,
    CONSTRAINT ck_maintenance_capteur_dates CHECK ((date_debut <= date_fin))
);


ALTER TABLE public.maintenance_capteur OWNER TO eleaweber;

--
-- TOC entry 252 (class 1259 OID 18242)
-- Name: maintenance_capteur_id_probleme_seq; Type: SEQUENCE; Schema: public; Owner: eleaweber
--

ALTER TABLE public.maintenance_capteur ALTER COLUMN id_probleme ADD GENERATED BY DEFAULT AS IDENTITY (
    SEQUENCE NAME public.maintenance_capteur_id_probleme_seq
    START WITH 1
    INCREMENT BY 1
    NO MINVALUE
    NO MAXVALUE
    CACHE 1
);


--
-- TOC entry 265 (class 1259 OID 18401)
-- Name: membre_groupe; Type: TABLE; Schema: public; Owner: eleaweber
--

CREATE TABLE public.membre_groupe (
    id_groupe_recolte integer NOT NULL,
    id_recolteur integer NOT NULL,
    id_capteur_generique integer NOT NULL
);


ALTER TABLE public.membre_groupe OWNER TO eleaweber;

--
-- TOC entry 266 (class 1259 OID 18419)
-- Name: membre_projet; Type: TABLE; Schema: public; Owner: eleaweber
--

CREATE TABLE public.membre_projet (
    id_recolteur integer NOT NULL,
    id_capteur_generique integer NOT NULL,
    id_projet integer NOT NULL
);


ALTER TABLE public.membre_projet OWNER TO eleaweber;

--
-- TOC entry 261 (class 1259 OID 18348)
-- Name: mesure; Type: TABLE; Schema: public; Owner: eleaweber
--

CREATE TABLE public.mesure (
    id_mesure integer NOT NULL,
    valeur_mesure double precision,
    date_heure timestamp without time zone,
    description_mesure text,
    statut character varying(255),
    id_mesure_associee integer,
    id_st integer NOT NULL,
    CONSTRAINT ck_mesure_differente CHECK ((id_mesure <> id_mesure_associee)),
    CONSTRAINT ck_mesure_statut CHECK (((statut)::text = ANY ((ARRAY['principale'::character varying, 'secondaire'::character varying])::text[])))
);


ALTER TABLE public.mesure OWNER TO eleaweber;

--
-- TOC entry 260 (class 1259 OID 18347)
-- Name: mesure_id_mesure_seq; Type: SEQUENCE; Schema: public; Owner: eleaweber
--

ALTER TABLE public.mesure ALTER COLUMN id_mesure ADD GENERATED BY DEFAULT AS IDENTITY (
    SEQUENCE NAME public.mesure_id_mesure_seq
    START WITH 1
    INCREMENT BY 1
    NO MINVALUE
    NO MAXVALUE
    CACHE 1
);


--
-- TOC entry 234 (class 1259 OID 18045)
-- Name: milieu_specifique; Type: TABLE; Schema: public; Owner: eleaweber
--

CREATE TABLE public.milieu_specifique (
    id_milieu integer NOT NULL,
    categorie character varying(255),
    description_milieu text
);


ALTER TABLE public.milieu_specifique OWNER TO eleaweber;

--
-- TOC entry 233 (class 1259 OID 18044)
-- Name: milieu_specifique_id_milieu_seq; Type: SEQUENCE; Schema: public; Owner: eleaweber
--

ALTER TABLE public.milieu_specifique ALTER COLUMN id_milieu ADD GENERATED BY DEFAULT AS IDENTITY (
    SEQUENCE NAME public.milieu_specifique_id_milieu_seq
    START WITH 1
    INCREMENT BY 1
    NO MINVALUE
    NO MAXVALUE
    CACHE 1
);


--
-- TOC entry 220 (class 1259 OID 17939)
-- Name: personne; Type: TABLE; Schema: public; Owner: eleaweber
--

CREATE TABLE public.personne (
    id_personne integer NOT NULL,
    nom character varying(255),
    prenom character varying(255),
    adresse_mail character varying(255) NOT NULL,
    fonction character varying(255),
    id_hierarchie integer,
    CONSTRAINT ck_personne_differente CHECK ((id_personne <> id_hierarchie))
);


ALTER TABLE public.personne OWNER TO eleaweber;

--
-- TOC entry 219 (class 1259 OID 17938)
-- Name: personne_id_personne_seq; Type: SEQUENCE; Schema: public; Owner: eleaweber
--

ALTER TABLE public.personne ALTER COLUMN id_personne ADD GENERATED BY DEFAULT AS IDENTITY (
    SEQUENCE NAME public.personne_id_personne_seq
    START WITH 1
    INCREMENT BY 1
    NO MINVALUE
    NO MAXVALUE
    CACHE 1
);


--
-- TOC entry 242 (class 1259 OID 18104)
-- Name: possede_categorie; Type: TABLE; Schema: public; Owner: eleaweber
--

CREATE TABLE public.possede_categorie (
    id_variable integer NOT NULL,
    id_categorie integer NOT NULL
);


ALTER TABLE public.possede_categorie OWNER TO eleaweber;

--
-- TOC entry 230 (class 1259 OID 18026)
-- Name: projet; Type: TABLE; Schema: public; Owner: eleaweber
--

CREATE TABLE public.projet (
    id_projet integer NOT NULL,
    nom_responsable character varying(255),
    mail_responsable character varying(255),
    date_debut date,
    date_fin date,
    CONSTRAINT ck_projet_dates CHECK ((date_debut <= date_fin))
);


ALTER TABLE public.projet OWNER TO eleaweber;

--
-- TOC entry 229 (class 1259 OID 18025)
-- Name: projet_id_projet_seq; Type: SEQUENCE; Schema: public; Owner: eleaweber
--

ALTER TABLE public.projet ALTER COLUMN id_projet ADD GENERATED BY DEFAULT AS IDENTITY (
    SEQUENCE NAME public.projet_id_projet_seq
    START WITH 1
    INCREMENT BY 1
    NO MINVALUE
    NO MAXVALUE
    CACHE 1
);


--
-- TOC entry 224 (class 1259 OID 17979)
-- Name: recolteur; Type: TABLE; Schema: public; Owner: eleaweber
--

CREATE TABLE public.recolteur (
    id_recolteur integer NOT NULL,
    id_capteur_generique integer NOT NULL
);


ALTER TABLE public.recolteur OWNER TO eleaweber;

--
-- TOC entry 225 (class 1259 OID 17996)
-- Name: referent_instrument; Type: TABLE; Schema: public; Owner: eleaweber
--

CREATE TABLE public.referent_instrument (
    id_referent integer NOT NULL
);


ALTER TABLE public.referent_instrument OWNER TO eleaweber;

--
-- TOC entry 254 (class 1259 OID 18258)
-- Name: remplacement_capteur; Type: TABLE; Schema: public; Owner: eleaweber
--

CREATE TABLE public.remplacement_capteur (
    id_capteur integer NOT NULL,
    id_nouveau_capteur integer NOT NULL,
    date_remplacement date,
    raison_remplacement text,
    CONSTRAINT ck_remplacement_capteur_diff CHECK ((id_capteur <> id_nouveau_capteur))
);


ALTER TABLE public.remplacement_capteur OWNER TO eleaweber;

--
-- TOC entry 248 (class 1259 OID 18169)
-- Name: remplacement_instrument; Type: TABLE; Schema: public; Owner: eleaweber
--

CREATE TABLE public.remplacement_instrument (
    id_instrument integer NOT NULL,
    id_nouvel_instrument integer NOT NULL,
    date_remplacement date,
    raison_remplacement text,
    CONSTRAINT ck_remplacement_instrument_diff CHECK ((id_instrument <> id_nouvel_instrument))
);


ALTER TABLE public.remplacement_instrument OWNER TO eleaweber;

--
-- TOC entry 226 (class 1259 OID 18007)
-- Name: responsable_fichier; Type: TABLE; Schema: public; Owner: eleaweber
--

CREATE TABLE public.responsable_fichier (
    id_responsable integer NOT NULL
);


ALTER TABLE public.responsable_fichier OWNER TO eleaweber;

--
-- TOC entry 257 (class 1259 OID 18298)
-- Name: serie_temporelle; Type: TABLE; Schema: public; Owner: eleaweber
--

CREATE TABLE public.serie_temporelle (
    id_st integer NOT NULL,
    date_debut timestamp without time zone,
    date_fin timestamp without time zone,
    max_mesure double precision,
    min_mesure double precision,
    moyenne_mesure double precision,
    nb_mesures integer,
    id_capteur_gen integer NOT NULL,
    id_loc integer NOT NULL,
    date_capteur_loc date NOT NULL,
    id_variable_mesuree integer NOT NULL
);


ALTER TABLE public.serie_temporelle OWNER TO eleaweber;

--
-- TOC entry 256 (class 1259 OID 18297)
-- Name: serie_temporelle_id_st_seq; Type: SEQUENCE; Schema: public; Owner: eleaweber
--

ALTER TABLE public.serie_temporelle ALTER COLUMN id_st ADD GENERATED BY DEFAULT AS IDENTITY (
    SEQUENCE NAME public.serie_temporelle_id_st_seq
    START WITH 1
    INCREMENT BY 1
    NO MINVALUE
    NO MAXVALUE
    CACHE 1
);


--
-- TOC entry 259 (class 1259 OID 18321)
-- Name: source_donnees; Type: TABLE; Schema: public; Owner: eleaweber
--

CREATE TABLE public.source_donnees (
    id_source integer NOT NULL,
    extension character varying(50),
    nom_source character varying(255),
    chemin_source character varying(500),
    date_import timestamp without time zone,
    date_recueil timestamp without time zone,
    commentaire text,
    type_source character varying(50),
    id_responsable integer NOT NULL,
    id_st integer NOT NULL,
    id_struct integer,
    CONSTRAINT ck_source_donnees_type CHECK (((type_source)::text = ANY ((ARRAY['fichier_mesure'::character varying, 'dossier_audio'::character varying, 'dossier_image'::character varying])::text[])))
);


ALTER TABLE public.source_donnees OWNER TO eleaweber;

--
-- TOC entry 258 (class 1259 OID 18320)
-- Name: source_donnees_id_source_seq; Type: SEQUENCE; Schema: public; Owner: eleaweber
--

ALTER TABLE public.source_donnees ALTER COLUMN id_source ADD GENERATED BY DEFAULT AS IDENTITY (
    SEQUENCE NAME public.source_donnees_id_source_seq
    START WITH 1
    INCREMENT BY 1
    NO MINVALUE
    NO MAXVALUE
    CACHE 1
);


--
-- TOC entry 244 (class 1259 OID 18122)
-- Name: structure_fichier; Type: TABLE; Schema: public; Owner: eleaweber
--

CREATE TABLE public.structure_fichier (
    id_structure integer NOT NULL,
    extension character varying(50),
    nom_colonnes text,
    nb_colonnes integer,
    colonnes_a_traiter text,
    format_titre character varying(255),
    groupes_regex text,
    nom_instrument character varying(255) NOT NULL,
    CONSTRAINT ck_structure_fichier_nb_colonnes CHECK ((nb_colonnes >= 1))
);


ALTER TABLE public.structure_fichier OWNER TO eleaweber;

--
-- TOC entry 243 (class 1259 OID 18121)
-- Name: structure_fichier_id_structure_seq; Type: SEQUENCE; Schema: public; Owner: eleaweber
--

ALTER TABLE public.structure_fichier ALTER COLUMN id_structure ADD GENERATED BY DEFAULT AS IDENTITY (
    SEQUENCE NAME public.structure_fichier_id_structure_seq
    START WITH 1
    INCREMENT BY 1
    NO MINVALUE
    NO MAXVALUE
    CACHE 1
);


--
-- TOC entry 241 (class 1259 OID 18096)
-- Name: variable_mesuree; Type: TABLE; Schema: public; Owner: eleaweber
--

CREATE TABLE public.variable_mesuree (
    id_variable_mesuree integer NOT NULL,
    type_mesure character varying(255),
    unite_mesure character varying(255),
    description_var_mesuree text
);


ALTER TABLE public.variable_mesuree OWNER TO eleaweber;

--
-- TOC entry 240 (class 1259 OID 18095)
-- Name: variable_mesuree_id_variable_mesuree_seq; Type: SEQUENCE; Schema: public; Owner: eleaweber
--

ALTER TABLE public.variable_mesuree ALTER COLUMN id_variable_mesuree ADD GENERATED BY DEFAULT AS IDENTITY (
    SEQUENCE NAME public.variable_mesuree_id_variable_mesuree_seq
    START WITH 1
    INCREMENT BY 1
    NO MINVALUE
    NO MAXVALUE
    CACHE 1
);


--
-- TOC entry 4129 (class 0 OID 18036)
-- Dependencies: 232
-- Data for Name: biodiversite; Type: TABLE DATA; Schema: public; Owner: eleaweber
--



--
-- TOC entry 4134 (class 0 OID 18065)
-- Dependencies: 237
-- Data for Name: biodiversite_localisee; Type: TABLE DATA; Schema: public; Owner: eleaweber
--



--
-- TOC entry 4148 (class 0 OID 18225)
-- Dependencies: 251
-- Data for Name: capteur; Type: TABLE DATA; Schema: public; Owner: eleaweber
--

INSERT INTO public.capteur VALUES (3, '2024-03-21', 3);
INSERT INTO public.capteur VALUES (4, '2023-09-01', 4);


--
-- TOC entry 4119 (class 0 OID 17957)
-- Dependencies: 222
-- Data for Name: capteur_generique; Type: TABLE DATA; Schema: public; Owner: eleaweber
--

INSERT INTO public.capteur_generique VALUES (3, 'Capteur Hobo');
INSERT INTO public.capteur_generique VALUES (4, 'Capteur TMS4');


--
-- TOC entry 4152 (class 0 OID 18278)
-- Dependencies: 255
-- Data for Name: capteur_localise; Type: TABLE DATA; Schema: public; Owner: eleaweber
--

INSERT INTO public.capteur_localise VALUES (3, 2, '2024-03-21', NULL);
INSERT INTO public.capteur_localise VALUES (4, 1, '2023-09-01', NULL);


--
-- TOC entry 4136 (class 0 OID 18083)
-- Dependencies: 239
-- Data for Name: categorie_variable; Type: TABLE DATA; Schema: public; Owner: eleaweber
--

INSERT INTO public.categorie_variable VALUES (1, 'Données Biologiques', NULL);
INSERT INTO public.categorie_variable VALUES (2, 'Données Environnementales', NULL);
INSERT INTO public.categorie_variable VALUES (3, 'Faune', 1);
INSERT INTO public.categorie_variable VALUES (4, 'Végétation', 1);
INSERT INTO public.categorie_variable VALUES (5, 'Climat', 2);
INSERT INTO public.categorie_variable VALUES (6, 'Sol', 2);
INSERT INTO public.categorie_variable VALUES (7, 'Perturbation Anthropique', 2);
INSERT INTO public.categorie_variable VALUES (8, 'Sol Faune', 3);
INSERT INTO public.categorie_variable VALUES (9, 'Ornithologie', 3);
INSERT INTO public.categorie_variable VALUES (10, 'Entomologie', 3);
INSERT INTO public.categorie_variable VALUES (11, 'Chiroptérologie', 3);
INSERT INTO public.categorie_variable VALUES (12, 'Liste espèces', 4);
INSERT INTO public.categorie_variable VALUES (13, 'Longueur Racine', 4);
INSERT INTO public.categorie_variable VALUES (14, 'Traits Foliaires', 4);
INSERT INTO public.categorie_variable VALUES (15, 'Croissance Aérienne', 4);
INSERT INTO public.categorie_variable VALUES (16, 'Qualité Air', 5);
INSERT INTO public.categorie_variable VALUES (17, 'Données Météorologiques', 5);
INSERT INTO public.categorie_variable VALUES (18, 'CO2', 16);
INSERT INTO public.categorie_variable VALUES (19, 'O3', 16);
INSERT INTO public.categorie_variable VALUES (20, 'NO2', 16);
INSERT INTO public.categorie_variable VALUES (21, 'SO2', 16);
INSERT INTO public.categorie_variable VALUES (22, 'COV', 16);
INSERT INTO public.categorie_variable VALUES (23, 'Microparticules', 16);
INSERT INTO public.categorie_variable VALUES (24, 'Température Air', 17);
INSERT INTO public.categorie_variable VALUES (25, 'Humidité Air', 17);
INSERT INTO public.categorie_variable VALUES (26, 'Vent', 17);
INSERT INTO public.categorie_variable VALUES (27, 'Précipitations', 17);
INSERT INTO public.categorie_variable VALUES (28, 'Ensoleillement', 17);
INSERT INTO public.categorie_variable VALUES (29, 'Infiltration', 6);
INSERT INTO public.categorie_variable VALUES (30, 'Température Sol', 6);
INSERT INTO public.categorie_variable VALUES (31, 'Humidité Sol', 6);
INSERT INTO public.categorie_variable VALUES (32, 'PH', 6);
INSERT INTO public.categorie_variable VALUES (33, 'Pollution Sonore', 7);
INSERT INTO public.categorie_variable VALUES (34, 'Pollution Lumineuse', 7);
INSERT INTO public.categorie_variable VALUES (35, 'Gestion Espaces Verts', 7);


--
-- TOC entry 4160 (class 0 OID 18370)
-- Dependencies: 263
-- Data for Name: coefficient_correcteur; Type: TABLE DATA; Schema: public; Owner: eleaweber
--



--
-- TOC entry 4144 (class 0 OID 18152)
-- Dependencies: 247
-- Data for Name: collecte_instrument; Type: TABLE DATA; Schema: public; Owner: eleaweber
--



--
-- TOC entry 4120 (class 0 OID 17968)
-- Dependencies: 223
-- Data for Name: collecteur; Type: TABLE DATA; Schema: public; Owner: eleaweber
--



--
-- TOC entry 4161 (class 0 OID 18384)
-- Dependencies: 264
-- Data for Name: correction_mesure; Type: TABLE DATA; Schema: public; Owner: eleaweber
--



--
-- TOC entry 4146 (class 0 OID 18189)
-- Dependencies: 249
-- Data for Name: est_referent_de; Type: TABLE DATA; Schema: public; Owner: eleaweber
--



--
-- TOC entry 4125 (class 0 OID 18019)
-- Dependencies: 228
-- Data for Name: groupe_recolte; Type: TABLE DATA; Schema: public; Owner: eleaweber
--



--
-- TOC entry 4143 (class 0 OID 18135)
-- Dependencies: 246
-- Data for Name: instrument_mesure; Type: TABLE DATA; Schema: public; Owner: eleaweber
--

INSERT INTO public.instrument_mesure VALUES (3, 'HOBO-001', 'MX2203', '21150037', 'Hobo', 1800, 2, 'Capteur de température Hobo', 1);
INSERT INTO public.instrument_mesure VALUES (4, 'TMS4-001', 'TMS4', 'TMS4001', 'TMS4', 900, 1, 'Capteur de température du sol', 2);


--
-- TOC entry 4147 (class 0 OID 18208)
-- Dependencies: 250
-- Data for Name: instrument_projet; Type: TABLE DATA; Schema: public; Owner: eleaweber
--



--
-- TOC entry 4133 (class 0 OID 18054)
-- Dependencies: 236
-- Data for Name: localisation; Type: TABLE DATA; Schema: public; Owner: eleaweber
--

INSERT INTO public.localisation VALUES (1, 350, 5.7301, 45.1847, 15, 0.5, 45, NULL);
INSERT INTO public.localisation VALUES (2, 150.5, 2.3522, 48.8566, 5, 2, 180, NULL);
INSERT INTO public.localisation VALUES (3, 150.5, 2.3522, 48.8566, 5, 2, 180, NULL);
INSERT INTO public.localisation VALUES (4, 350, 5.7301, 45.1847, 15, 0.5, 45, NULL);


--
-- TOC entry 4150 (class 0 OID 18243)
-- Dependencies: 253
-- Data for Name: maintenance_capteur; Type: TABLE DATA; Schema: public; Owner: eleaweber
--



--
-- TOC entry 4162 (class 0 OID 18401)
-- Dependencies: 265
-- Data for Name: membre_groupe; Type: TABLE DATA; Schema: public; Owner: eleaweber
--



--
-- TOC entry 4163 (class 0 OID 18419)
-- Dependencies: 266
-- Data for Name: membre_projet; Type: TABLE DATA; Schema: public; Owner: eleaweber
--



--
-- TOC entry 4158 (class 0 OID 18348)
-- Dependencies: 261
-- Data for Name: mesure; Type: TABLE DATA; Schema: public; Owner: eleaweber
--

INSERT INTO public.mesure VALUES (47, 23.056, '2024-03-21 15:14:04', '1;03/21/2024 15:14:04;23,056', 'principale', NULL, 3);
INSERT INTO public.mesure VALUES (48, 23.346, '2024-03-21 15:44:04', '2;03/21/2024 15:44:04;23,346', 'principale', NULL, 3);
INSERT INTO public.mesure VALUES (49, 30.778, '2024-03-21 16:14:04', '3;03/21/2024 16:14:04;30,778', 'principale', NULL, 3);
INSERT INTO public.mesure VALUES (50, 43.294, '2024-03-21 16:44:04', '4;03/21/2024 16:44:04;43,294', 'principale', NULL, 3);
INSERT INTO public.mesure VALUES (51, 46.684, '2024-03-21 17:14:04', '5;03/21/2024 17:14:04;46,684', 'principale', NULL, 3);
INSERT INTO public.mesure VALUES (52, 47.595, '2024-03-21 17:44:04', '6;03/21/2024 17:44:04;47,595', 'principale', NULL, 3);
INSERT INTO public.mesure VALUES (53, 47.853, '2024-03-21 18:14:04', '7;03/21/2024 18:14:04;47,853', 'principale', NULL, 3);
INSERT INTO public.mesure VALUES (54, 47.928, '2024-03-21 18:44:04', '8;03/21/2024 18:44:04;47,928', 'principale', NULL, 3);
INSERT INTO public.mesure VALUES (55, 47.949, '2024-03-21 19:14:04', '9;03/21/2024 19:14:04;47,949', 'principale', NULL, 3);
INSERT INTO public.mesure VALUES (56, 47.96, '2024-03-21 19:44:04', '10;03/21/2024 19:44:04;47,960', 'principale', NULL, 3);
INSERT INTO public.mesure VALUES (57, 47.96, '2024-03-21 20:14:04', '11;03/21/2024 20:14:04;47,960', 'principale', NULL, 3);
INSERT INTO public.mesure VALUES (58, 47.96, '2024-03-21 20:44:04', '12;03/21/2024 20:44:04;47,960', 'principale', NULL, 3);
INSERT INTO public.mesure VALUES (59, 47.992, '2024-03-21 21:14:04', '13;03/21/2024 21:14:04;47,992', 'principale', NULL, 3);
INSERT INTO public.mesure VALUES (60, 48.013, '2024-03-21 21:44:04', '14;03/21/2024 21:44:04;48,013', 'principale', NULL, 3);
INSERT INTO public.mesure VALUES (61, 47.981, '2024-03-21 22:14:04', '15;03/21/2024 22:14:04;47,981', 'principale', NULL, 3);
INSERT INTO public.mesure VALUES (62, 47.981, '2024-03-21 22:44:04', '16;03/21/2024 22:44:04;47,981', 'principale', NULL, 3);
INSERT INTO public.mesure VALUES (63, 47.981, '2024-03-21 23:14:04', '17;03/21/2024 23:14:04;47,981', 'principale', NULL, 3);
INSERT INTO public.mesure VALUES (64, 47.981, '2024-03-21 23:44:04', '18;03/21/2024 23:44:04;47,981', 'principale', NULL, 3);
INSERT INTO public.mesure VALUES (65, 47.981, '2024-03-22 00:14:04', '19;03/22/2024 00:14:04;47,981', 'principale', NULL, 3);
INSERT INTO public.mesure VALUES (66, 47.96, '2024-03-22 00:44:04', '20;03/22/2024 00:44:04;47,960', 'principale', NULL, 3);
INSERT INTO public.mesure VALUES (67, 47.981, '2024-03-22 01:14:04', '21;03/22/2024 01:14:04;47,981', 'principale', NULL, 3);
INSERT INTO public.mesure VALUES (68, 47.981, '2024-03-22 01:44:04', '22;03/22/2024 01:44:04;47,981', 'principale', NULL, 3);
INSERT INTO public.mesure VALUES (69, 47.971, '2024-03-22 02:14:04', '23;03/22/2024 02:14:04;47,971', 'principale', NULL, 3);
INSERT INTO public.mesure VALUES (70, 25.625, '2023-09-01 00:00:00', '0;2023.09.01 00:00;4;25.625;25.75;25.6875;403;202;0', 'principale', NULL, 4);
INSERT INTO public.mesure VALUES (71, 25.625, '2023-09-01 00:15:00', '1;2023.09.01 00:15;4;25.625;25.75;25.6875;403;202;0', 'principale', NULL, 4);
INSERT INTO public.mesure VALUES (72, 25.625, '2023-09-01 00:30:00', '2;2023.09.01 00:30;4;25.625;25.75;25.625;403;202;0', 'principale', NULL, 4);
INSERT INTO public.mesure VALUES (73, 25.6875, '2023-09-01 00:45:00', '3;2023.09.01 00:45;4;25.6875;25.75;25.6875;403;202;0', 'principale', NULL, 4);
INSERT INTO public.mesure VALUES (74, 25.6875, '2023-09-01 01:00:00', '4;2023.09.01 01:00;4;25.6875;25.75;25.6875;403;202;0', 'principale', NULL, 4);
INSERT INTO public.mesure VALUES (75, 25.625, '2023-09-01 01:15:00', '5;2023.09.01 01:15;4;25.625;25.75;25.625;403;202;0', 'principale', NULL, 4);
INSERT INTO public.mesure VALUES (76, 25.625, '2023-09-01 01:30:00', '6;2023.09.01 01:30;4;25.625;25.75;25.625;403;202;0', 'principale', NULL, 4);
INSERT INTO public.mesure VALUES (77, 25.625, '2023-09-01 01:45:00', '7;2023.09.01 01:45;4;25.625;25.75;25.625;403;202;0', 'principale', NULL, 4);
INSERT INTO public.mesure VALUES (78, 25.625, '2023-09-01 02:00:00', '8;2023.09.01 02:00;4;25.625;25.75;25.625;403;202;0', 'principale', NULL, 4);
INSERT INTO public.mesure VALUES (79, 25.625, '2023-09-01 02:15:00', '9;2023.09.01 02:15;4;25.625;25.75;25.625;403;202;0', 'principale', NULL, 4);
INSERT INTO public.mesure VALUES (80, 25.625, '2023-09-01 02:30:00', '10;2023.09.01 02:30;4;25.625;25.75;25.625;403;202;0', 'principale', NULL, 4);
INSERT INTO public.mesure VALUES (81, 25.625, '2023-09-01 02:45:00', '11;2023.09.01 02:45;4;25.625;25.75;25.625;403;202;0', 'principale', NULL, 4);
INSERT INTO public.mesure VALUES (82, 25.625, '2023-09-01 03:00:00', '12;2023.09.01 03:00;4;25.625;25.75;25.625;403;202;0', 'principale', NULL, 4);
INSERT INTO public.mesure VALUES (83, 25.625, '2023-09-01 03:15:00', '13;2023.09.01 03:15;4;25.625;25.6875;25.625;403;202;0', 'principale', NULL, 4);
INSERT INTO public.mesure VALUES (84, 25.625, '2023-09-01 03:30:00', '14;2023.09.01 03:30;4;25.625;25.6875;25.625;403;202;0', 'principale', NULL, 4);
INSERT INTO public.mesure VALUES (85, 25.5625, '2023-09-01 03:45:00', '15;2023.09.01 03:45;4;25.5625;25.6875;25.625;403;202;0', 'principale', NULL, 4);
INSERT INTO public.mesure VALUES (86, 25.5625, '2023-09-01 04:00:00', '16;2023.09.01 04:00;4;25.5625;25.625;25.5625;403;202;0', 'principale', NULL, 4);
INSERT INTO public.mesure VALUES (87, 25.5, '2023-09-01 04:15:00', '17;2023.09.01 04:15;4;25.5;25.625;25.5625;403;202;0', 'principale', NULL, 4);
INSERT INTO public.mesure VALUES (88, 25.5, '2023-09-01 04:30:00', '18;2023.09.01 04:30;4;25.5;25.625;25.5;403;202;0', 'principale', NULL, 4);
INSERT INTO public.mesure VALUES (89, 25.5, '2023-09-01 04:45:00', '19;2023.09.01 04:45;4;25.5;25.625;25.5;403;202;0', 'principale', NULL, 4);
INSERT INTO public.mesure VALUES (90, 25.5, '2023-09-01 05:00:00', '20;2023.09.01 05:00;4;25.5;25.625;25.5;403;202;0', 'principale', NULL, 4);
INSERT INTO public.mesure VALUES (91, 25.5, '2023-09-01 05:15:00', '21;2023.09.01 05:15;4;25.5;25.625;25.5;403;202;0', 'principale', NULL, 4);
INSERT INTO public.mesure VALUES (92, 25.5, '2023-09-01 05:30:00', '22;2023.09.01 05:30;4;25.5;25.625;25.5;403;202;0', 'principale', NULL, 4);
INSERT INTO public.mesure VALUES (93, 25.5, '2023-09-01 05:45:00', '23;2023.09.01 05:45;4;25.5;25.5625;25.5;403;202;0', 'principale', NULL, 4);
INSERT INTO public.mesure VALUES (94, 25.4375, '2023-09-01 06:00:00', '24;2023.09.01 06:00;4;25.4375;25.5625;25.4375;403;202;0', 'principale', NULL, 4);
INSERT INTO public.mesure VALUES (95, 25.4375, '2023-09-01 06:15:00', '25;2023.09.01 06:15;4;25.4375;25.5;25.4375;403;202;0', 'principale', NULL, 4);
INSERT INTO public.mesure VALUES (96, 25.375, '2023-09-01 06:30:00', '26;2023.09.01 06:30;4;25.375;25.5;25.375;403;202;0', 'principale', NULL, 4);
INSERT INTO public.mesure VALUES (97, 25.375, '2023-09-01 06:45:00', '27;2023.09.01 06:45;4;25.375;25.5;25.375;403;202;0', 'principale', NULL, 4);
INSERT INTO public.mesure VALUES (98, 25.375, '2023-09-01 07:00:00', '28;2023.09.01 07:00;4;25.375;25.5;25.375;402;202;0', 'principale', NULL, 4);
INSERT INTO public.mesure VALUES (99, 25.375, '2023-09-01 07:15:00', '29;2023.09.01 07:15;4;25.375;25.5;25.4375;403;202;0', 'principale', NULL, 4);


--
-- TOC entry 4131 (class 0 OID 18045)
-- Dependencies: 234
-- Data for Name: milieu_specifique; Type: TABLE DATA; Schema: public; Owner: eleaweber
--



--
-- TOC entry 4117 (class 0 OID 17939)
-- Dependencies: 220
-- Data for Name: personne; Type: TABLE DATA; Schema: public; Owner: eleaweber
--



--
-- TOC entry 4139 (class 0 OID 18104)
-- Dependencies: 242
-- Data for Name: possede_categorie; Type: TABLE DATA; Schema: public; Owner: eleaweber
--

INSERT INTO public.possede_categorie VALUES (100, 30);
INSERT INTO public.possede_categorie VALUES (101, 24);
INSERT INTO public.possede_categorie VALUES (102, 30);


--
-- TOC entry 4127 (class 0 OID 18026)
-- Dependencies: 230
-- Data for Name: projet; Type: TABLE DATA; Schema: public; Owner: eleaweber
--



--
-- TOC entry 4121 (class 0 OID 17979)
-- Dependencies: 224
-- Data for Name: recolteur; Type: TABLE DATA; Schema: public; Owner: eleaweber
--



--
-- TOC entry 4122 (class 0 OID 17996)
-- Dependencies: 225
-- Data for Name: referent_instrument; Type: TABLE DATA; Schema: public; Owner: eleaweber
--



--
-- TOC entry 4151 (class 0 OID 18258)
-- Dependencies: 254
-- Data for Name: remplacement_capteur; Type: TABLE DATA; Schema: public; Owner: eleaweber
--



--
-- TOC entry 4145 (class 0 OID 18169)
-- Dependencies: 248
-- Data for Name: remplacement_instrument; Type: TABLE DATA; Schema: public; Owner: eleaweber
--



--
-- TOC entry 4123 (class 0 OID 18007)
-- Dependencies: 226
-- Data for Name: responsable_fichier; Type: TABLE DATA; Schema: public; Owner: eleaweber
--



--
-- TOC entry 4154 (class 0 OID 18298)
-- Dependencies: 257
-- Data for Name: serie_temporelle; Type: TABLE DATA; Schema: public; Owner: eleaweber
--

INSERT INTO public.serie_temporelle VALUES (4, '2023-09-01 00:00:00', NULL, 25.6875, 25.375, 25.55, 30, 4, 1, '2023-09-01', 102);
INSERT INTO public.serie_temporelle VALUES (3, '2024-03-21 15:14:04', NULL, 48.013, 23.056, 44.789826086956516, 23, 3, 2, '2024-03-21', 101);


--
-- TOC entry 4156 (class 0 OID 18321)
-- Dependencies: 259
-- Data for Name: source_donnees; Type: TABLE DATA; Schema: public; Owner: eleaweber
--



--
-- TOC entry 4141 (class 0 OID 18122)
-- Dependencies: 244
-- Data for Name: structure_fichier; Type: TABLE DATA; Schema: public; Owner: eleaweber
--

INSERT INTO public.structure_fichier VALUES (1, 'xlsx', 'Numero;Date_Heure;Temperature', 3, '1;1;1', '\(n°[0-9]+\) [0-9]+ ? [0-9]+-[0-9]+-[0-9]+ [0-9]+_[0-9]+_[0-9]+ CES?T\.xlsx', NULL, 'Hobo');
INSERT INTO public.structure_fichier VALUES (2, 'txt', 'col1;col2;col3;col4;col5;col6;col7;col8;col9', 9, '1;1;1;1;1;1;1;1;1', '.*', NULL, 'TMS4');


--
-- TOC entry 4138 (class 0 OID 18096)
-- Dependencies: 241
-- Data for Name: variable_mesuree; Type: TABLE DATA; Schema: public; Owner: eleaweber
--

INSERT INTO public.variable_mesuree VALUES (100, 'Température sol', '°C', 'Température mesurée par TMS4');
INSERT INTO public.variable_mesuree VALUES (101, 'Température', '°C', 'Température mesurée par Hobo');
INSERT INTO public.variable_mesuree VALUES (102, 'Température sol', '°C', 'Température du sol mesurée par TMS4');


--
-- TOC entry 4170 (class 0 OID 0)
-- Dependencies: 231
-- Name: biodiversite_id_biodiversite_seq; Type: SEQUENCE SET; Schema: public; Owner: eleaweber
--

SELECT pg_catalog.setval('public.biodiversite_id_biodiversite_seq', 1, false);


--
-- TOC entry 4171 (class 0 OID 0)
-- Dependencies: 221
-- Name: capteur_generique_id_capteur_generique_seq; Type: SEQUENCE SET; Schema: public; Owner: eleaweber
--

SELECT pg_catalog.setval('public.capteur_generique_id_capteur_generique_seq', 4, true);


--
-- TOC entry 4172 (class 0 OID 0)
-- Dependencies: 238
-- Name: categorie_variable_id_categorie_seq; Type: SEQUENCE SET; Schema: public; Owner: eleaweber
--

SELECT pg_catalog.setval('public.categorie_variable_id_categorie_seq', 35, true);


--
-- TOC entry 4173 (class 0 OID 0)
-- Dependencies: 262
-- Name: coefficient_correcteur_id_coeff_correcteur_seq; Type: SEQUENCE SET; Schema: public; Owner: eleaweber
--

SELECT pg_catalog.setval('public.coefficient_correcteur_id_coeff_correcteur_seq', 1, false);


--
-- TOC entry 4174 (class 0 OID 0)
-- Dependencies: 227
-- Name: groupe_recolte_id_groupe_seq; Type: SEQUENCE SET; Schema: public; Owner: eleaweber
--

SELECT pg_catalog.setval('public.groupe_recolte_id_groupe_seq', 1, false);


--
-- TOC entry 4175 (class 0 OID 0)
-- Dependencies: 245
-- Name: instrument_mesure_id_instrument_seq; Type: SEQUENCE SET; Schema: public; Owner: eleaweber
--

SELECT pg_catalog.setval('public.instrument_mesure_id_instrument_seq', 4, true);


--
-- TOC entry 4176 (class 0 OID 0)
-- Dependencies: 235
-- Name: localisation_id_localisation_seq; Type: SEQUENCE SET; Schema: public; Owner: eleaweber
--

SELECT pg_catalog.setval('public.localisation_id_localisation_seq', 4, true);


--
-- TOC entry 4177 (class 0 OID 0)
-- Dependencies: 252
-- Name: maintenance_capteur_id_probleme_seq; Type: SEQUENCE SET; Schema: public; Owner: eleaweber
--

SELECT pg_catalog.setval('public.maintenance_capteur_id_probleme_seq', 1, false);


--
-- TOC entry 4178 (class 0 OID 0)
-- Dependencies: 260
-- Name: mesure_id_mesure_seq; Type: SEQUENCE SET; Schema: public; Owner: eleaweber
--

SELECT pg_catalog.setval('public.mesure_id_mesure_seq', 99, true);


--
-- TOC entry 4179 (class 0 OID 0)
-- Dependencies: 233
-- Name: milieu_specifique_id_milieu_seq; Type: SEQUENCE SET; Schema: public; Owner: eleaweber
--

SELECT pg_catalog.setval('public.milieu_specifique_id_milieu_seq', 1, false);


--
-- TOC entry 4180 (class 0 OID 0)
-- Dependencies: 219
-- Name: personne_id_personne_seq; Type: SEQUENCE SET; Schema: public; Owner: eleaweber
--

SELECT pg_catalog.setval('public.personne_id_personne_seq', 1, false);


--
-- TOC entry 4181 (class 0 OID 0)
-- Dependencies: 229
-- Name: projet_id_projet_seq; Type: SEQUENCE SET; Schema: public; Owner: eleaweber
--

SELECT pg_catalog.setval('public.projet_id_projet_seq', 1, false);


--
-- TOC entry 4182 (class 0 OID 0)
-- Dependencies: 256
-- Name: serie_temporelle_id_st_seq; Type: SEQUENCE SET; Schema: public; Owner: eleaweber
--

SELECT pg_catalog.setval('public.serie_temporelle_id_st_seq', 4, true);


--
-- TOC entry 4183 (class 0 OID 0)
-- Dependencies: 258
-- Name: source_donnees_id_source_seq; Type: SEQUENCE SET; Schema: public; Owner: eleaweber
--

SELECT pg_catalog.setval('public.source_donnees_id_source_seq', 1, false);


--
-- TOC entry 4184 (class 0 OID 0)
-- Dependencies: 243
-- Name: structure_fichier_id_structure_seq; Type: SEQUENCE SET; Schema: public; Owner: eleaweber
--

SELECT pg_catalog.setval('public.structure_fichier_id_structure_seq', 4, true);


--
-- TOC entry 4185 (class 0 OID 0)
-- Dependencies: 240
-- Name: variable_mesuree_id_variable_mesuree_seq; Type: SEQUENCE SET; Schema: public; Owner: eleaweber
--

SELECT pg_catalog.setval('public.variable_mesuree_id_variable_mesuree_seq', 1, false);


--
-- TOC entry 3869 (class 2606 OID 18043)
-- Name: biodiversite pk_biodiversite; Type: CONSTRAINT; Schema: public; Owner: eleaweber
--

ALTER TABLE ONLY public.biodiversite
    ADD CONSTRAINT pk_biodiversite PRIMARY KEY (id_biodiversite);


--
-- TOC entry 3875 (class 2606 OID 18071)
-- Name: biodiversite_localisee pk_biodiversite_localisee; Type: CONSTRAINT; Schema: public; Owner: eleaweber
--

ALTER TABLE ONLY public.biodiversite_localisee
    ADD CONSTRAINT pk_biodiversite_localisee PRIMARY KEY (id_loc, id_bio);


--
-- TOC entry 3899 (class 2606 OID 18231)
-- Name: capteur pk_capteur; Type: CONSTRAINT; Schema: public; Owner: eleaweber
--

ALTER TABLE ONLY public.capteur
    ADD CONSTRAINT pk_capteur PRIMARY KEY (id_capteur);


--
-- TOC entry 3853 (class 2606 OID 17965)
-- Name: capteur_generique pk_capteur_generique; Type: CONSTRAINT; Schema: public; Owner: eleaweber
--

ALTER TABLE ONLY public.capteur_generique
    ADD CONSTRAINT pk_capteur_generique PRIMARY KEY (id_capteur_generique);


--
-- TOC entry 3905 (class 2606 OID 18286)
-- Name: capteur_localise pk_capteur_localise; Type: CONSTRAINT; Schema: public; Owner: eleaweber
--

ALTER TABLE ONLY public.capteur_localise
    ADD CONSTRAINT pk_capteur_localise PRIMARY KEY (id_capteur_gen, id_loc, date_debut);


--
-- TOC entry 3877 (class 2606 OID 18089)
-- Name: categorie_variable pk_categorie_variable; Type: CONSTRAINT; Schema: public; Owner: eleaweber
--

ALTER TABLE ONLY public.categorie_variable
    ADD CONSTRAINT pk_categorie_variable PRIMARY KEY (id_categorie);


--
-- TOC entry 3915 (class 2606 OID 18376)
-- Name: coefficient_correcteur pk_coefficient_correcteur; Type: CONSTRAINT; Schema: public; Owner: eleaweber
--

ALTER TABLE ONLY public.coefficient_correcteur
    ADD CONSTRAINT pk_coefficient_correcteur PRIMARY KEY (id_coeff_correcteur);


--
-- TOC entry 3891 (class 2606 OID 18158)
-- Name: collecte_instrument pk_collecte_instrument; Type: CONSTRAINT; Schema: public; Owner: eleaweber
--

ALTER TABLE ONLY public.collecte_instrument
    ADD CONSTRAINT pk_collecte_instrument PRIMARY KEY (id_collecteur, id_instrument);


--
-- TOC entry 3857 (class 2606 OID 17973)
-- Name: collecteur pk_collecteur; Type: CONSTRAINT; Schema: public; Owner: eleaweber
--

ALTER TABLE ONLY public.collecteur
    ADD CONSTRAINT pk_collecteur PRIMARY KEY (id_collecteur);


--
-- TOC entry 3919 (class 2606 OID 18390)
-- Name: correction_mesure pk_correction_mesure; Type: CONSTRAINT; Schema: public; Owner: eleaweber
--

ALTER TABLE ONLY public.correction_mesure
    ADD CONSTRAINT pk_correction_mesure PRIMARY KEY (id_coeff, id_mesure);


--
-- TOC entry 3895 (class 2606 OID 18197)
-- Name: est_referent_de pk_est_referent_de; Type: CONSTRAINT; Schema: public; Owner: eleaweber
--

ALTER TABLE ONLY public.est_referent_de
    ADD CONSTRAINT pk_est_referent_de PRIMARY KEY (id_referent, id_instrument, date_debut);


--
-- TOC entry 3865 (class 2606 OID 18024)
-- Name: groupe_recolte pk_groupe_recolte; Type: CONSTRAINT; Schema: public; Owner: eleaweber
--

ALTER TABLE ONLY public.groupe_recolte
    ADD CONSTRAINT pk_groupe_recolte PRIMARY KEY (id_groupe);


--
-- TOC entry 3887 (class 2606 OID 18144)
-- Name: instrument_mesure pk_instrument_mesure; Type: CONSTRAINT; Schema: public; Owner: eleaweber
--

ALTER TABLE ONLY public.instrument_mesure
    ADD CONSTRAINT pk_instrument_mesure PRIMARY KEY (id_instrument);


--
-- TOC entry 3897 (class 2606 OID 18214)
-- Name: instrument_projet pk_instrument_projet; Type: CONSTRAINT; Schema: public; Owner: eleaweber
--

ALTER TABLE ONLY public.instrument_projet
    ADD CONSTRAINT pk_instrument_projet PRIMARY KEY (id_projet, id_instrument);


--
-- TOC entry 3873 (class 2606 OID 18059)
-- Name: localisation pk_localisation; Type: CONSTRAINT; Schema: public; Owner: eleaweber
--

ALTER TABLE ONLY public.localisation
    ADD CONSTRAINT pk_localisation PRIMARY KEY (id_localisation);


--
-- TOC entry 3901 (class 2606 OID 18252)
-- Name: maintenance_capteur pk_maintenance_capteur; Type: CONSTRAINT; Schema: public; Owner: eleaweber
--

ALTER TABLE ONLY public.maintenance_capteur
    ADD CONSTRAINT pk_maintenance_capteur PRIMARY KEY (id_probleme);


--
-- TOC entry 3921 (class 2606 OID 18408)
-- Name: membre_groupe pk_membre_groupe; Type: CONSTRAINT; Schema: public; Owner: eleaweber
--

ALTER TABLE ONLY public.membre_groupe
    ADD CONSTRAINT pk_membre_groupe PRIMARY KEY (id_groupe_recolte, id_recolteur, id_capteur_generique);


--
-- TOC entry 3923 (class 2606 OID 18426)
-- Name: membre_projet pk_membre_projet; Type: CONSTRAINT; Schema: public; Owner: eleaweber
--

ALTER TABLE ONLY public.membre_projet
    ADD CONSTRAINT pk_membre_projet PRIMARY KEY (id_recolteur, id_capteur_generique, id_projet);


--
-- TOC entry 3913 (class 2606 OID 18358)
-- Name: mesure pk_mesure; Type: CONSTRAINT; Schema: public; Owner: eleaweber
--

ALTER TABLE ONLY public.mesure
    ADD CONSTRAINT pk_mesure PRIMARY KEY (id_mesure);


--
-- TOC entry 3871 (class 2606 OID 18052)
-- Name: milieu_specifique pk_milieu_specifique; Type: CONSTRAINT; Schema: public; Owner: eleaweber
--

ALTER TABLE ONLY public.milieu_specifique
    ADD CONSTRAINT pk_milieu_specifique PRIMARY KEY (id_milieu);


--
-- TOC entry 3849 (class 2606 OID 17948)
-- Name: personne pk_personne; Type: CONSTRAINT; Schema: public; Owner: eleaweber
--

ALTER TABLE ONLY public.personne
    ADD CONSTRAINT pk_personne PRIMARY KEY (id_personne);


--
-- TOC entry 3881 (class 2606 OID 18110)
-- Name: possede_categorie pk_possede_categorie; Type: CONSTRAINT; Schema: public; Owner: eleaweber
--

ALTER TABLE ONLY public.possede_categorie
    ADD CONSTRAINT pk_possede_categorie PRIMARY KEY (id_variable, id_categorie);


--
-- TOC entry 3867 (class 2606 OID 18034)
-- Name: projet pk_projet; Type: CONSTRAINT; Schema: public; Owner: eleaweber
--

ALTER TABLE ONLY public.projet
    ADD CONSTRAINT pk_projet PRIMARY KEY (id_projet);


--
-- TOC entry 3859 (class 2606 OID 17985)
-- Name: recolteur pk_recolteur; Type: CONSTRAINT; Schema: public; Owner: eleaweber
--

ALTER TABLE ONLY public.recolteur
    ADD CONSTRAINT pk_recolteur PRIMARY KEY (id_recolteur, id_capteur_generique);


--
-- TOC entry 3861 (class 2606 OID 18001)
-- Name: referent_instrument pk_referent_instrument; Type: CONSTRAINT; Schema: public; Owner: eleaweber
--

ALTER TABLE ONLY public.referent_instrument
    ADD CONSTRAINT pk_referent_instrument PRIMARY KEY (id_referent);


--
-- TOC entry 3903 (class 2606 OID 18267)
-- Name: remplacement_capteur pk_remplacement_capteur; Type: CONSTRAINT; Schema: public; Owner: eleaweber
--

ALTER TABLE ONLY public.remplacement_capteur
    ADD CONSTRAINT pk_remplacement_capteur PRIMARY KEY (id_capteur, id_nouveau_capteur);


--
-- TOC entry 3893 (class 2606 OID 18178)
-- Name: remplacement_instrument pk_remplacement_instrument; Type: CONSTRAINT; Schema: public; Owner: eleaweber
--

ALTER TABLE ONLY public.remplacement_instrument
    ADD CONSTRAINT pk_remplacement_instrument PRIMARY KEY (id_instrument, id_nouvel_instrument);


--
-- TOC entry 3863 (class 2606 OID 18012)
-- Name: responsable_fichier pk_responsable_fichier; Type: CONSTRAINT; Schema: public; Owner: eleaweber
--

ALTER TABLE ONLY public.responsable_fichier
    ADD CONSTRAINT pk_responsable_fichier PRIMARY KEY (id_responsable);


--
-- TOC entry 3907 (class 2606 OID 18307)
-- Name: serie_temporelle pk_serie_temporelle; Type: CONSTRAINT; Schema: public; Owner: eleaweber
--

ALTER TABLE ONLY public.serie_temporelle
    ADD CONSTRAINT pk_serie_temporelle PRIMARY KEY (id_st);


--
-- TOC entry 3911 (class 2606 OID 18331)
-- Name: source_donnees pk_source_donnees; Type: CONSTRAINT; Schema: public; Owner: eleaweber
--

ALTER TABLE ONLY public.source_donnees
    ADD CONSTRAINT pk_source_donnees PRIMARY KEY (id_source);


--
-- TOC entry 3883 (class 2606 OID 18131)
-- Name: structure_fichier pk_structure_fichier; Type: CONSTRAINT; Schema: public; Owner: eleaweber
--

ALTER TABLE ONLY public.structure_fichier
    ADD CONSTRAINT pk_structure_fichier PRIMARY KEY (id_structure);


--
-- TOC entry 3879 (class 2606 OID 18103)
-- Name: variable_mesuree pk_variable_mesuree; Type: CONSTRAINT; Schema: public; Owner: eleaweber
--

ALTER TABLE ONLY public.variable_mesuree
    ADD CONSTRAINT pk_variable_mesuree PRIMARY KEY (id_variable_mesuree);


--
-- TOC entry 3855 (class 2606 OID 17967)
-- Name: capteur_generique uq_capteur_generique_description; Type: CONSTRAINT; Schema: public; Owner: eleaweber
--

ALTER TABLE ONLY public.capteur_generique
    ADD CONSTRAINT uq_capteur_generique_description UNIQUE (description);


--
-- TOC entry 3917 (class 2606 OID 18378)
-- Name: coefficient_correcteur uq_coefficient_correcteur_date_capteur; Type: CONSTRAINT; Schema: public; Owner: eleaweber
--

ALTER TABLE ONLY public.coefficient_correcteur
    ADD CONSTRAINT uq_coefficient_correcteur_date_capteur UNIQUE (date_calibration, id_capteur);


--
-- TOC entry 3885 (class 2606 OID 18133)
-- Name: structure_fichier uq_nom_instrument; Type: CONSTRAINT; Schema: public; Owner: eleaweber
--

ALTER TABLE ONLY public.structure_fichier
    ADD CONSTRAINT uq_nom_instrument UNIQUE (nom_instrument);


--
-- TOC entry 3889 (class 2606 OID 18146)
-- Name: instrument_mesure uq_num_instrument; Type: CONSTRAINT; Schema: public; Owner: eleaweber
--

ALTER TABLE ONLY public.instrument_mesure
    ADD CONSTRAINT uq_num_instrument UNIQUE (num_instrument);


--
-- TOC entry 3851 (class 2606 OID 17950)
-- Name: personne uq_personne_mail; Type: CONSTRAINT; Schema: public; Owner: eleaweber
--

ALTER TABLE ONLY public.personne
    ADD CONSTRAINT uq_personne_mail UNIQUE (adresse_mail);


--
-- TOC entry 3909 (class 2606 OID 18309)
-- Name: serie_temporelle uq_serie_temporelle_capteur_loc; Type: CONSTRAINT; Schema: public; Owner: eleaweber
--

ALTER TABLE ONLY public.serie_temporelle
    ADD CONSTRAINT uq_serie_temporelle_capteur_loc UNIQUE (id_capteur_gen, id_loc, date_capteur_loc);


--
-- TOC entry 3968 (class 2620 OID 18441)
-- Name: mesure trigger_maj_attributs_st; Type: TRIGGER; Schema: public; Owner: eleaweber
--

CREATE TRIGGER trigger_maj_attributs_st AFTER INSERT ON public.mesure FOR EACH ROW EXECUTE FUNCTION public.maj_attributs_st();


--
-- TOC entry 3967 (class 2620 OID 18440)
-- Name: capteur trigger_verification_heritage_disjoint_capteur; Type: TRIGGER; Schema: public; Owner: eleaweber
--

CREATE TRIGGER trigger_verification_heritage_disjoint_capteur BEFORE INSERT ON public.capteur FOR EACH ROW EXECUTE FUNCTION public.verification_heritage_disjoint_capteur_generique();


--
-- TOC entry 3966 (class 2620 OID 18439)
-- Name: recolteur trigger_verification_heritage_disjoint_recolteur; Type: TRIGGER; Schema: public; Owner: eleaweber
--

CREATE TRIGGER trigger_verification_heritage_disjoint_recolteur BEFORE INSERT ON public.recolteur FOR EACH ROW EXECUTE FUNCTION public.verification_heritage_disjoint_capteur_generique();


--
-- TOC entry 3931 (class 2606 OID 18077)
-- Name: biodiversite_localisee fk_biodiversite_localisee_biodiversite; Type: FK CONSTRAINT; Schema: public; Owner: eleaweber
--

ALTER TABLE ONLY public.biodiversite_localisee
    ADD CONSTRAINT fk_biodiversite_localisee_biodiversite FOREIGN KEY (id_bio) REFERENCES public.biodiversite(id_biodiversite) ON UPDATE CASCADE ON DELETE CASCADE;


--
-- TOC entry 3932 (class 2606 OID 18072)
-- Name: biodiversite_localisee fk_biodiversite_localisee_localisation; Type: FK CONSTRAINT; Schema: public; Owner: eleaweber
--

ALTER TABLE ONLY public.biodiversite_localisee
    ADD CONSTRAINT fk_biodiversite_localisee_localisation FOREIGN KEY (id_loc) REFERENCES public.localisation(id_localisation) ON UPDATE CASCADE ON DELETE CASCADE;


--
-- TOC entry 3945 (class 2606 OID 18232)
-- Name: capteur fk_capteur_capteur_generique; Type: FK CONSTRAINT; Schema: public; Owner: eleaweber
--

ALTER TABLE ONLY public.capteur
    ADD CONSTRAINT fk_capteur_capteur_generique FOREIGN KEY (id_capteur) REFERENCES public.capteur_generique(id_capteur_generique) ON UPDATE CASCADE ON DELETE CASCADE;


--
-- TOC entry 3946 (class 2606 OID 18237)
-- Name: capteur fk_capteur_instrument; Type: FK CONSTRAINT; Schema: public; Owner: eleaweber
--

ALTER TABLE ONLY public.capteur
    ADD CONSTRAINT fk_capteur_instrument FOREIGN KEY (id_instrument) REFERENCES public.instrument_mesure(id_instrument) ON UPDATE CASCADE ON DELETE SET NULL;


--
-- TOC entry 3950 (class 2606 OID 18287)
-- Name: capteur_localise fk_capteur_localise_capteur_generique; Type: FK CONSTRAINT; Schema: public; Owner: eleaweber
--

ALTER TABLE ONLY public.capteur_localise
    ADD CONSTRAINT fk_capteur_localise_capteur_generique FOREIGN KEY (id_capteur_gen) REFERENCES public.capteur_generique(id_capteur_generique) ON UPDATE CASCADE ON DELETE CASCADE;


--
-- TOC entry 3951 (class 2606 OID 18292)
-- Name: capteur_localise fk_capteur_localise_localisation; Type: FK CONSTRAINT; Schema: public; Owner: eleaweber
--

ALTER TABLE ONLY public.capteur_localise
    ADD CONSTRAINT fk_capteur_localise_localisation FOREIGN KEY (id_loc) REFERENCES public.localisation(id_localisation) ON UPDATE CASCADE ON DELETE CASCADE;


--
-- TOC entry 3933 (class 2606 OID 18090)
-- Name: categorie_variable fk_categorie_variable_parent; Type: FK CONSTRAINT; Schema: public; Owner: eleaweber
--

ALTER TABLE ONLY public.categorie_variable
    ADD CONSTRAINT fk_categorie_variable_parent FOREIGN KEY (id_parent) REFERENCES public.categorie_variable(id_categorie) ON UPDATE CASCADE ON DELETE SET NULL;


--
-- TOC entry 3959 (class 2606 OID 18379)
-- Name: coefficient_correcteur fk_coefficient_correcteur_capteur; Type: FK CONSTRAINT; Schema: public; Owner: eleaweber
--

ALTER TABLE ONLY public.coefficient_correcteur
    ADD CONSTRAINT fk_coefficient_correcteur_capteur FOREIGN KEY (id_capteur) REFERENCES public.capteur(id_capteur) ON UPDATE CASCADE ON DELETE CASCADE;


--
-- TOC entry 3937 (class 2606 OID 18159)
-- Name: collecte_instrument fk_collecte_instrument_collecteur; Type: FK CONSTRAINT; Schema: public; Owner: eleaweber
--

ALTER TABLE ONLY public.collecte_instrument
    ADD CONSTRAINT fk_collecte_instrument_collecteur FOREIGN KEY (id_collecteur) REFERENCES public.collecteur(id_collecteur) ON UPDATE CASCADE ON DELETE CASCADE;


--
-- TOC entry 3938 (class 2606 OID 18164)
-- Name: collecte_instrument fk_collecte_instrument_instrument; Type: FK CONSTRAINT; Schema: public; Owner: eleaweber
--

ALTER TABLE ONLY public.collecte_instrument
    ADD CONSTRAINT fk_collecte_instrument_instrument FOREIGN KEY (id_instrument) REFERENCES public.instrument_mesure(id_instrument) ON UPDATE CASCADE ON DELETE CASCADE;


--
-- TOC entry 3925 (class 2606 OID 17974)
-- Name: collecteur fk_collecteur_personne; Type: FK CONSTRAINT; Schema: public; Owner: eleaweber
--

ALTER TABLE ONLY public.collecteur
    ADD CONSTRAINT fk_collecteur_personne FOREIGN KEY (id_collecteur) REFERENCES public.personne(id_personne) ON UPDATE CASCADE ON DELETE CASCADE;


--
-- TOC entry 3960 (class 2606 OID 18391)
-- Name: correction_mesure fk_correction_mesure_coeff; Type: FK CONSTRAINT; Schema: public; Owner: eleaweber
--

ALTER TABLE ONLY public.correction_mesure
    ADD CONSTRAINT fk_correction_mesure_coeff FOREIGN KEY (id_coeff) REFERENCES public.coefficient_correcteur(id_coeff_correcteur) ON UPDATE CASCADE ON DELETE CASCADE;


--
-- TOC entry 3961 (class 2606 OID 18396)
-- Name: correction_mesure fk_correction_mesure_mesure; Type: FK CONSTRAINT; Schema: public; Owner: eleaweber
--

ALTER TABLE ONLY public.correction_mesure
    ADD CONSTRAINT fk_correction_mesure_mesure FOREIGN KEY (id_mesure) REFERENCES public.mesure(id_mesure) ON UPDATE CASCADE ON DELETE CASCADE;


--
-- TOC entry 3941 (class 2606 OID 18203)
-- Name: est_referent_de fk_est_referent_de_instrument; Type: FK CONSTRAINT; Schema: public; Owner: eleaweber
--

ALTER TABLE ONLY public.est_referent_de
    ADD CONSTRAINT fk_est_referent_de_instrument FOREIGN KEY (id_instrument) REFERENCES public.instrument_mesure(id_instrument) ON UPDATE CASCADE ON DELETE CASCADE;


--
-- TOC entry 3942 (class 2606 OID 18198)
-- Name: est_referent_de fk_est_referent_de_referent_instrument; Type: FK CONSTRAINT; Schema: public; Owner: eleaweber
--

ALTER TABLE ONLY public.est_referent_de
    ADD CONSTRAINT fk_est_referent_de_referent_instrument FOREIGN KEY (id_referent) REFERENCES public.referent_instrument(id_referent) ON UPDATE CASCADE ON DELETE CASCADE;


--
-- TOC entry 3936 (class 2606 OID 18147)
-- Name: instrument_mesure fk_instrument_mesure_structure; Type: FK CONSTRAINT; Schema: public; Owner: eleaweber
--

ALTER TABLE ONLY public.instrument_mesure
    ADD CONSTRAINT fk_instrument_mesure_structure FOREIGN KEY (id_structure) REFERENCES public.structure_fichier(id_structure) ON UPDATE CASCADE ON DELETE CASCADE;


--
-- TOC entry 3943 (class 2606 OID 18220)
-- Name: instrument_projet fk_instrument_projet_instrument; Type: FK CONSTRAINT; Schema: public; Owner: eleaweber
--

ALTER TABLE ONLY public.instrument_projet
    ADD CONSTRAINT fk_instrument_projet_instrument FOREIGN KEY (id_instrument) REFERENCES public.instrument_mesure(id_instrument) ON UPDATE CASCADE ON DELETE CASCADE;


--
-- TOC entry 3944 (class 2606 OID 18215)
-- Name: instrument_projet fk_instrument_projet_projet; Type: FK CONSTRAINT; Schema: public; Owner: eleaweber
--

ALTER TABLE ONLY public.instrument_projet
    ADD CONSTRAINT fk_instrument_projet_projet FOREIGN KEY (id_projet) REFERENCES public.projet(id_projet) ON UPDATE CASCADE ON DELETE CASCADE;


--
-- TOC entry 3930 (class 2606 OID 18060)
-- Name: localisation fk_localisation_milieu; Type: FK CONSTRAINT; Schema: public; Owner: eleaweber
--

ALTER TABLE ONLY public.localisation
    ADD CONSTRAINT fk_localisation_milieu FOREIGN KEY (id_milieu) REFERENCES public.milieu_specifique(id_milieu) ON UPDATE CASCADE ON DELETE CASCADE;


--
-- TOC entry 3947 (class 2606 OID 18253)
-- Name: maintenance_capteur fk_maintenance_capteur_capteur; Type: FK CONSTRAINT; Schema: public; Owner: eleaweber
--

ALTER TABLE ONLY public.maintenance_capteur
    ADD CONSTRAINT fk_maintenance_capteur_capteur FOREIGN KEY (id_capteur) REFERENCES public.capteur(id_capteur) ON UPDATE CASCADE ON DELETE CASCADE;


--
-- TOC entry 3962 (class 2606 OID 18409)
-- Name: membre_groupe fk_membre_groupe_groupe; Type: FK CONSTRAINT; Schema: public; Owner: eleaweber
--

ALTER TABLE ONLY public.membre_groupe
    ADD CONSTRAINT fk_membre_groupe_groupe FOREIGN KEY (id_groupe_recolte) REFERENCES public.groupe_recolte(id_groupe) ON UPDATE CASCADE ON DELETE CASCADE;


--
-- TOC entry 3963 (class 2606 OID 18414)
-- Name: membre_groupe fk_membre_groupe_recolteur; Type: FK CONSTRAINT; Schema: public; Owner: eleaweber
--

ALTER TABLE ONLY public.membre_groupe
    ADD CONSTRAINT fk_membre_groupe_recolteur FOREIGN KEY (id_recolteur, id_capteur_generique) REFERENCES public.recolteur(id_recolteur, id_capteur_generique) ON UPDATE CASCADE ON DELETE CASCADE;


--
-- TOC entry 3964 (class 2606 OID 18432)
-- Name: membre_projet fk_membre_projet_projet; Type: FK CONSTRAINT; Schema: public; Owner: eleaweber
--

ALTER TABLE ONLY public.membre_projet
    ADD CONSTRAINT fk_membre_projet_projet FOREIGN KEY (id_projet) REFERENCES public.projet(id_projet) ON UPDATE CASCADE ON DELETE CASCADE;


--
-- TOC entry 3965 (class 2606 OID 18427)
-- Name: membre_projet fk_membre_projet_recolteur; Type: FK CONSTRAINT; Schema: public; Owner: eleaweber
--

ALTER TABLE ONLY public.membre_projet
    ADD CONSTRAINT fk_membre_projet_recolteur FOREIGN KEY (id_recolteur, id_capteur_generique) REFERENCES public.recolteur(id_recolteur, id_capteur_generique) ON UPDATE CASCADE ON DELETE CASCADE;


--
-- TOC entry 3957 (class 2606 OID 18359)
-- Name: mesure fk_mesure_mesure_associee; Type: FK CONSTRAINT; Schema: public; Owner: eleaweber
--

ALTER TABLE ONLY public.mesure
    ADD CONSTRAINT fk_mesure_mesure_associee FOREIGN KEY (id_mesure_associee) REFERENCES public.mesure(id_mesure) ON UPDATE CASCADE ON DELETE SET NULL;


--
-- TOC entry 3958 (class 2606 OID 18364)
-- Name: mesure fk_mesure_serie_temporelle; Type: FK CONSTRAINT; Schema: public; Owner: eleaweber
--

ALTER TABLE ONLY public.mesure
    ADD CONSTRAINT fk_mesure_serie_temporelle FOREIGN KEY (id_st) REFERENCES public.serie_temporelle(id_st) ON UPDATE CASCADE ON DELETE CASCADE;


--
-- TOC entry 3924 (class 2606 OID 17951)
-- Name: personne fk_personne_hierarchie; Type: FK CONSTRAINT; Schema: public; Owner: eleaweber
--

ALTER TABLE ONLY public.personne
    ADD CONSTRAINT fk_personne_hierarchie FOREIGN KEY (id_hierarchie) REFERENCES public.personne(id_personne) ON UPDATE CASCADE ON DELETE SET NULL;


--
-- TOC entry 3934 (class 2606 OID 18116)
-- Name: possede_categorie fk_possede_categorie_categorie; Type: FK CONSTRAINT; Schema: public; Owner: eleaweber
--

ALTER TABLE ONLY public.possede_categorie
    ADD CONSTRAINT fk_possede_categorie_categorie FOREIGN KEY (id_categorie) REFERENCES public.categorie_variable(id_categorie) ON UPDATE CASCADE ON DELETE CASCADE;


--
-- TOC entry 3935 (class 2606 OID 18111)
-- Name: possede_categorie fk_possede_categorie_variable; Type: FK CONSTRAINT; Schema: public; Owner: eleaweber
--

ALTER TABLE ONLY public.possede_categorie
    ADD CONSTRAINT fk_possede_categorie_variable FOREIGN KEY (id_variable) REFERENCES public.variable_mesuree(id_variable_mesuree) ON UPDATE CASCADE ON DELETE CASCADE;


--
-- TOC entry 3926 (class 2606 OID 17991)
-- Name: recolteur fk_recolteur_capteur_generique; Type: FK CONSTRAINT; Schema: public; Owner: eleaweber
--

ALTER TABLE ONLY public.recolteur
    ADD CONSTRAINT fk_recolteur_capteur_generique FOREIGN KEY (id_capteur_generique) REFERENCES public.capteur_generique(id_capteur_generique) ON UPDATE CASCADE ON DELETE CASCADE;


--
-- TOC entry 3927 (class 2606 OID 17986)
-- Name: recolteur fk_recolteur_personne; Type: FK CONSTRAINT; Schema: public; Owner: eleaweber
--

ALTER TABLE ONLY public.recolteur
    ADD CONSTRAINT fk_recolteur_personne FOREIGN KEY (id_recolteur) REFERENCES public.personne(id_personne) ON UPDATE CASCADE ON DELETE CASCADE;


--
-- TOC entry 3928 (class 2606 OID 18002)
-- Name: referent_instrument fk_referent_instrument_personne; Type: FK CONSTRAINT; Schema: public; Owner: eleaweber
--

ALTER TABLE ONLY public.referent_instrument
    ADD CONSTRAINT fk_referent_instrument_personne FOREIGN KEY (id_referent) REFERENCES public.personne(id_personne) ON UPDATE CASCADE ON DELETE CASCADE;


--
-- TOC entry 3948 (class 2606 OID 18268)
-- Name: remplacement_capteur fk_remplacement_capteur_ancien; Type: FK CONSTRAINT; Schema: public; Owner: eleaweber
--

ALTER TABLE ONLY public.remplacement_capteur
    ADD CONSTRAINT fk_remplacement_capteur_ancien FOREIGN KEY (id_capteur) REFERENCES public.capteur(id_capteur) ON UPDATE CASCADE ON DELETE RESTRICT;


--
-- TOC entry 3949 (class 2606 OID 18273)
-- Name: remplacement_capteur fk_remplacement_capteur_nouveau; Type: FK CONSTRAINT; Schema: public; Owner: eleaweber
--

ALTER TABLE ONLY public.remplacement_capteur
    ADD CONSTRAINT fk_remplacement_capteur_nouveau FOREIGN KEY (id_nouveau_capteur) REFERENCES public.capteur(id_capteur) ON UPDATE CASCADE ON DELETE RESTRICT;


--
-- TOC entry 3939 (class 2606 OID 18179)
-- Name: remplacement_instrument fk_remplacement_instrument_ancien; Type: FK CONSTRAINT; Schema: public; Owner: eleaweber
--

ALTER TABLE ONLY public.remplacement_instrument
    ADD CONSTRAINT fk_remplacement_instrument_ancien FOREIGN KEY (id_instrument) REFERENCES public.instrument_mesure(id_instrument) ON UPDATE CASCADE ON DELETE RESTRICT;


--
-- TOC entry 3940 (class 2606 OID 18184)
-- Name: remplacement_instrument fk_remplacement_instrument_nouveau; Type: FK CONSTRAINT; Schema: public; Owner: eleaweber
--

ALTER TABLE ONLY public.remplacement_instrument
    ADD CONSTRAINT fk_remplacement_instrument_nouveau FOREIGN KEY (id_nouvel_instrument) REFERENCES public.instrument_mesure(id_instrument) ON UPDATE CASCADE ON DELETE RESTRICT;


--
-- TOC entry 3929 (class 2606 OID 18013)
-- Name: responsable_fichier fk_responsable_fichier_personne; Type: FK CONSTRAINT; Schema: public; Owner: eleaweber
--

ALTER TABLE ONLY public.responsable_fichier
    ADD CONSTRAINT fk_responsable_fichier_personne FOREIGN KEY (id_responsable) REFERENCES public.personne(id_personne) ON UPDATE CASCADE ON DELETE CASCADE;


--
-- TOC entry 3952 (class 2606 OID 18310)
-- Name: serie_temporelle fk_serie_temporelle_capteur_localise; Type: FK CONSTRAINT; Schema: public; Owner: eleaweber
--

ALTER TABLE ONLY public.serie_temporelle
    ADD CONSTRAINT fk_serie_temporelle_capteur_localise FOREIGN KEY (id_capteur_gen, id_loc, date_capteur_loc) REFERENCES public.capteur_localise(id_capteur_gen, id_loc, date_debut) ON UPDATE CASCADE ON DELETE CASCADE;


--
-- TOC entry 3953 (class 2606 OID 18315)
-- Name: serie_temporelle fk_serie_temporelle_variable_mesuree; Type: FK CONSTRAINT; Schema: public; Owner: eleaweber
--

ALTER TABLE ONLY public.serie_temporelle
    ADD CONSTRAINT fk_serie_temporelle_variable_mesuree FOREIGN KEY (id_variable_mesuree) REFERENCES public.variable_mesuree(id_variable_mesuree) ON UPDATE CASCADE ON DELETE CASCADE;


--
-- TOC entry 3954 (class 2606 OID 18332)
-- Name: source_donnees fk_source_donnees_responsable; Type: FK CONSTRAINT; Schema: public; Owner: eleaweber
--

ALTER TABLE ONLY public.source_donnees
    ADD CONSTRAINT fk_source_donnees_responsable FOREIGN KEY (id_responsable) REFERENCES public.responsable_fichier(id_responsable) ON UPDATE CASCADE ON DELETE CASCADE;


--
-- TOC entry 3955 (class 2606 OID 18337)
-- Name: source_donnees fk_source_donnees_serie_temporelle; Type: FK CONSTRAINT; Schema: public; Owner: eleaweber
--

ALTER TABLE ONLY public.source_donnees
    ADD CONSTRAINT fk_source_donnees_serie_temporelle FOREIGN KEY (id_st) REFERENCES public.serie_temporelle(id_st) ON UPDATE CASCADE ON DELETE CASCADE;


--
-- TOC entry 3956 (class 2606 OID 18342)
-- Name: source_donnees fk_source_donnees_structure_fichier; Type: FK CONSTRAINT; Schema: public; Owner: eleaweber
--

ALTER TABLE ONLY public.source_donnees
    ADD CONSTRAINT fk_source_donnees_structure_fichier FOREIGN KEY (id_struct) REFERENCES public.structure_fichier(id_structure) ON UPDATE CASCADE ON DELETE SET NULL;


-- Completed on 2026-04-29 17:56:05 CEST

--
-- PostgreSQL database dump complete
--

\unrestrict eTyICo2Z3jKG2PKWGUGaWvLRUk79MFeVawag16Oq7dLRXQwxkFBEZJN0NFLigCP

